{"modules": {
  "normalize":            true,
  "print":                true,

  "scaffolding":          true,
  "type":                 true,
  "code":                 true,
  "grid":                 true,
  "tables":               true,
  "forms":                true,
  "buttons":              true,

  "glyphicons":           true,
  "button-groups":        true,
  "input-groups":         true,
  "navs":                 true,
  "navbar":               true,
  "breadcrumbs":          true,
  "pagination":           true,
  "pager":                true,
  "labels":               true,
  "badges":               true,
  "jumbotron":            true,
  "thumbnails":           true,
  "alerts":               true,
  "progress-bars":        true,
  "media":                true,
  "list-group":           true,
  "panels":               true,
  "responsive-embed":     true,
  "wells":                true,
  "close":                true,

  "component-animations": true,
  "dropdowns":            true,
  "modals":               true,
  "tooltip":              true,
  "popovers":             true,
  "carousel":             true,
  
  "affix":                true,
  "alert":                true,
  "button":               true,
  "collapse":             true,
  "scrollspy":            true,
  "tab":                  true,
  "transition":           true,

  "utilities":            true,
  "responsive-utilities": true
}}
